"id_parameter","cd_parameter","cd_configuration","id_algorithm","id_function","id_dataset","id_resource","id_parameter_type","nr_iterations","vl_grid_row_dimension","vl_grid_column_dimension","vl_block_row_dimension","vl_block_column_dimension","vl_block_memory_size","vl_block_memory_size_percent_cpu","vl_block_memory_size_percent_gpu"
"14397","2593","1","1","1","27","18","17","5","1","1","1250000","100","1000000000","0.0078125","0.08333333333333333"
"14398","2593","2","1","2","27","18","17","5","1","1","1250000","100","1000000000","0.0078125","0.08333333333333333"
"14399","2593","1","1","1","27","18","17","5","2","1","625000","100","500000000","0.00390625","0.041666666666666664"
"14400","2593","2","1","2","27","18","17","5","2","1","625000","100","500000000","0.00390625","0.041666666666666664"
"14401","2593","1","1","1","27","18","17","5","4","1","312500","100","250000000","0.001953125","0.020833333333333332"
"14402","2593","2","1","2","27","18","17","5","4","1","312500","100","250000000","0.001953125","0.020833333333333332"
"14403","2593","1","1","1","27","18","17","5","8","1","156250","100","125000000","0.0009765625","0.010416666666666666"
"14404","2593","2","1","2","27","18","17","5","8","1","156250","100","125000000","0.0009765625","0.010416666666666666"
"14405","2593","1","1","1","27","18","17","5","16","1","78125","100","62500000","0.00048828125","0.005208333333333333"
"14406","2593","2","1","2","27","18","17","5","16","1","78125","100","62500000","0.00048828125","0.005208333333333333"
"14407","2593","1","1","1","27","18","17","5","32","1","39062","100","31249600","0.0002441375","0.0026041333333333334"
"14408","2593","2","1","2","27","18","17","5","32","1","39062","100","31249600","0.0002441375","0.0026041333333333334"
"14409","2593","1","1","1","27","18","17","5","64","1","19531","100","15624800","0.00012206875","0.0013020666666666667"
"14410","2593","2","1","2","27","18","17","5","64","1","19531","100","15624800","0.00012206875","0.0013020666666666667"
"14411","2593","1","1","1","27","18","17","5","128","1","9765","100","7812000","6.103125e-05","0.000651"
"14412","2593","2","1","2","27","18","17","5","128","1","9765","100","7812000","6.103125e-05","0.000651"
"14413","2593","1","1","1","27","18","17","5","256","1","4882","100","3905600","3.05125e-05","0.00032546666666666665"
"14414","2593","2","1","2","27","18","17","5","256","1","4882","100","3905600","3.05125e-05","0.00032546666666666665"
"14415","2594","1","1","1","28","18","17","5","1","1","12500000","100","10000000000","0.078125","0.8333333333333334"
"14416","2594","2","1","2","28","18","17","5","1","1","12500000","100","10000000000","0.078125","0.8333333333333334"
"14417","2594","1","1","1","28","18","17","5","2","1","6250000","100","5000000000","0.0390625","0.4166666666666667"
"14418","2594","2","1","2","28","18","17","5","2","1","6250000","100","5000000000","0.0390625","0.4166666666666667"
"14419","2594","1","1","1","28","18","17","5","4","1","3125000","100","2500000000","0.01953125","0.20833333333333334"
"14420","2594","2","1","2","28","18","17","5","4","1","3125000","100","2500000000","0.01953125","0.20833333333333334"
"14421","2594","1","1","1","28","18","17","5","8","1","1562500","100","1250000000","0.009765625","0.10416666666666667"
"14422","2594","2","1","2","28","18","17","5","8","1","1562500","100","1250000000","0.009765625","0.10416666666666667"
"14423","2594","1","1","1","28","18","17","5","16","1","781250","100","625000000","0.0048828125","0.052083333333333336"
"14424","2594","2","1","2","28","18","17","5","16","1","781250","100","625000000","0.0048828125","0.052083333333333336"
"14425","2594","1","1","1","28","18","17","5","32","1","390625","100","312500000","0.00244140625","0.026041666666666668"
"14426","2594","2","1","2","28","18","17","5","32","1","390625","100","312500000","0.00244140625","0.026041666666666668"
"14427","2594","1","1","1","28","18","17","5","64","1","195312","100","156249600","0.0012207","0.0130208"
"14428","2594","2","1","2","28","18","17","5","64","1","195312","100","156249600","0.0012207","0.0130208"
"14429","2594","1","1","1","28","18","17","5","128","1","97656","100","78124800","0.00061035","0.0065104"
"14430","2594","2","1","2","28","18","17","5","128","1","97656","100","78124800","0.00061035","0.0065104"
"14431","2594","1","1","1","28","18","17","5","256","1","48828","100","39062400","0.000305175","0.0032552"
"14432","2594","2","1","2","28","18","17","5","256","1","48828","100","39062400","0.000305175","0.0032552"
"14433","2595","1","1","1","29","18","17","5","1","1","125000000","100","100000000000","0.78125","8.333333333333334"
"14434","2595","2","1","2","29","18","17","5","1","1","125000000","100","100000000000","0.78125","8.333333333333334"
"14435","2595","1","1","1","29","18","17","5","2","1","62500000","100","50000000000","0.390625","4.166666666666667"
"14436","2595","2","1","2","29","18","17","5","2","1","62500000","100","50000000000","0.390625","4.166666666666667"
"14437","2595","1","1","1","29","18","17","5","4","1","31250000","100","25000000000","0.1953125","2.0833333333333335"
"14438","2595","2","1","2","29","18","17","5","4","1","31250000","100","25000000000","0.1953125","2.0833333333333335"
"14439","2595","1","1","1","29","18","17","5","8","1","15625000","100","12500000000","0.09765625","1.0416666666666667"
"14440","2595","2","1","2","29","18","17","5","8","1","15625000","100","12500000000","0.09765625","1.0416666666666667"
"14441","2595","1","1","1","29","18","17","5","16","1","7812500","100","6250000000","0.048828125","0.5208333333333334"
"14442","2595","2","1","2","29","18","17","5","16","1","7812500","100","6250000000","0.048828125","0.5208333333333334"
"14443","2595","1","1","1","29","18","17","5","32","1","3906250","100","3125000000","0.0244140625","0.2604166666666667"
"14444","2595","2","1","2","29","18","17","5","32","1","3906250","100","3125000000","0.0244140625","0.2604166666666667"
"14445","2595","1","1","1","29","18","17","5","64","1","1953125","100","1562500000","0.01220703125","0.13020833333333334"
"14446","2595","2","1","2","29","18","17","5","64","1","1953125","100","1562500000","0.01220703125","0.13020833333333334"
"14447","2595","1","1","1","29","18","17","5","128","1","976562","100","781249600","0.0061035125","0.06510413333333333"
"14448","2595","2","1","2","29","18","17","5","128","1","976562","100","781249600","0.0061035125","0.06510413333333333"
"14449","2595","1","1","1","29","18","17","5","256","1","488281","100","390624800","0.00305175625","0.032552066666666664"
"14450","2595","2","1","2","29","18","17","5","256","1","488281","100","390624800","0.00305175625","0.032552066666666664"
"14505","2599","1","1","1","27","18","18","5","1","1","1250000","100","1000000000","0.0078125","0.08333333333333333"
"14506","2599","2","1","2","27","18","18","5","1","1","1250000","100","1000000000","0.0078125","0.08333333333333333"
"14507","2599","1","1","1","27","18","18","5","2","1","625000","100","500000000","0.00390625","0.041666666666666664"
"14508","2599","2","1","2","27","18","18","5","2","1","625000","100","500000000","0.00390625","0.041666666666666664"
"14509","2599","1","1","1","27","18","18","5","4","1","312500","100","250000000","0.001953125","0.020833333333333332"
"14510","2599","2","1","2","27","18","18","5","4","1","312500","100","250000000","0.001953125","0.020833333333333332"
"14511","2599","1","1","1","27","18","18","5","8","1","156250","100","125000000","0.0009765625","0.010416666666666666"
"14512","2599","2","1","2","27","18","18","5","8","1","156250","100","125000000","0.0009765625","0.010416666666666666"
"14513","2599","1","1","1","27","18","18","5","16","1","78125","100","62500000","0.00048828125","0.005208333333333333"
"14514","2599","2","1","2","27","18","18","5","16","1","78125","100","62500000","0.00048828125","0.005208333333333333"
"14515","2599","1","1","1","27","18","18","5","32","1","39062","100","31249600","0.0002441375","0.0026041333333333334"
"14516","2599","2","1","2","27","18","18","5","32","1","39062","100","31249600","0.0002441375","0.0026041333333333334"
"14517","2599","1","1","1","27","18","18","5","64","1","19531","100","15624800","0.00012206875","0.0013020666666666667"
"14518","2599","2","1","2","27","18","18","5","64","1","19531","100","15624800","0.00012206875","0.0013020666666666667"
"14519","2599","1","1","1","27","18","18","5","128","1","9765","100","7812000","6.103125e-05","0.000651"
"14520","2599","2","1","2","27","18","18","5","128","1","9765","100","7812000","6.103125e-05","0.000651"
"14521","2599","1","1","1","27","18","18","5","256","1","4882","100","3905600","3.05125e-05","0.00032546666666666665"
"14522","2599","2","1","2","27","18","18","5","256","1","4882","100","3905600","3.05125e-05","0.00032546666666666665"
"14523","2600","1","1","1","28","18","18","5","1","1","12500000","100","10000000000","0.078125","0.8333333333333334"
"14524","2600","2","1","2","28","18","18","5","1","1","12500000","100","10000000000","0.078125","0.8333333333333334"
"14525","2600","1","1","1","28","18","18","5","2","1","6250000","100","5000000000","0.0390625","0.4166666666666667"
"14526","2600","2","1","2","28","18","18","5","2","1","6250000","100","5000000000","0.0390625","0.4166666666666667"
"14527","2600","1","1","1","28","18","18","5","4","1","3125000","100","2500000000","0.01953125","0.20833333333333334"
"14528","2600","2","1","2","28","18","18","5","4","1","3125000","100","2500000000","0.01953125","0.20833333333333334"
"14529","2600","1","1","1","28","18","18","5","8","1","1562500","100","1250000000","0.009765625","0.10416666666666667"
"14530","2600","2","1","2","28","18","18","5","8","1","1562500","100","1250000000","0.009765625","0.10416666666666667"
"14531","2600","1","1","1","28","18","18","5","16","1","781250","100","625000000","0.0048828125","0.052083333333333336"
"14532","2600","2","1","2","28","18","18","5","16","1","781250","100","625000000","0.0048828125","0.052083333333333336"
"14533","2600","1","1","1","28","18","18","5","32","1","390625","100","312500000","0.00244140625","0.026041666666666668"
"14534","2600","2","1","2","28","18","18","5","32","1","390625","100","312500000","0.00244140625","0.026041666666666668"
"14535","2600","1","1","1","28","18","18","5","64","1","195312","100","156249600","0.0012207","0.0130208"
"14536","2600","2","1","2","28","18","18","5","64","1","195312","100","156249600","0.0012207","0.0130208"
"14537","2600","1","1","1","28","18","18","5","128","1","97656","100","78124800","0.00061035","0.0065104"
"14538","2600","2","1","2","28","18","18","5","128","1","97656","100","78124800","0.00061035","0.0065104"
"14539","2600","1","1","1","28","18","18","5","256","1","48828","100","39062400","0.000305175","0.0032552"
"14540","2600","2","1","2","28","18","18","5","256","1","48828","100","39062400","0.000305175","0.0032552"
"14541","2601","1","1","1","29","18","18","5","1","1","125000000","100","100000000000","0.78125","8.333333333333334"
"14542","2601","2","1","2","29","18","18","5","1","1","125000000","100","100000000000","0.78125","8.333333333333334"
"14543","2601","1","1","1","29","18","18","5","2","1","62500000","100","50000000000","0.390625","4.166666666666667"
"14544","2601","2","1","2","29","18","18","5","2","1","62500000","100","50000000000","0.390625","4.166666666666667"
"14545","2601","1","1","1","29","18","18","5","4","1","31250000","100","25000000000","0.1953125","2.0833333333333335"
"14546","2601","2","1","2","29","18","18","5","4","1","31250000","100","25000000000","0.1953125","2.0833333333333335"
"14547","2601","1","1","1","29","18","18","5","8","1","15625000","100","12500000000","0.09765625","1.0416666666666667"
"14548","2601","2","1","2","29","18","18","5","8","1","15625000","100","12500000000","0.09765625","1.0416666666666667"
"14549","2601","1","1","1","29","18","18","5","16","1","7812500","100","6250000000","0.048828125","0.5208333333333334"
"14550","2601","2","1","2","29","18","18","5","16","1","7812500","100","6250000000","0.048828125","0.5208333333333334"
"14551","2601","1","1","1","29","18","18","5","32","1","3906250","100","3125000000","0.0244140625","0.2604166666666667"
"14552","2601","2","1","2","29","18","18","5","32","1","3906250","100","3125000000","0.0244140625","0.2604166666666667"
"14553","2601","1","1","1","29","18","18","5","64","1","1953125","100","1562500000","0.01220703125","0.13020833333333334"
"14554","2601","2","1","2","29","18","18","5","64","1","1953125","100","1562500000","0.01220703125","0.13020833333333334"
"14555","2601","1","1","1","29","18","18","5","128","1","976562","100","781249600","0.0061035125","0.06510413333333333"
"14556","2601","2","1","2","29","18","18","5","128","1","976562","100","781249600","0.0061035125","0.06510413333333333"
"14557","2601","1","1","1","29","18","18","5","256","1","488281","100","390624800","0.00305175625","0.032552066666666664"
"14558","2601","2","1","2","29","18","18","5","256","1","488281","100","390624800","0.00305175625","0.032552066666666664"
"14613","2605","1","1","1","27","18","19","5","1","1","1250000","100","1000000000","0.0078125","0.08333333333333333"
"14614","2605","2","1","2","27","18","19","5","1","1","1250000","100","1000000000","0.0078125","0.08333333333333333"
"14615","2605","1","1","1","27","18","19","5","2","1","625000","100","500000000","0.00390625","0.041666666666666664"
"14616","2605","2","1","2","27","18","19","5","2","1","625000","100","500000000","0.00390625","0.041666666666666664"
"14617","2605","1","1","1","27","18","19","5","4","1","312500","100","250000000","0.001953125","0.020833333333333332"
"14618","2605","2","1","2","27","18","19","5","4","1","312500","100","250000000","0.001953125","0.020833333333333332"
"14619","2605","1","1","1","27","18","19","5","8","1","156250","100","125000000","0.0009765625","0.010416666666666666"
"14620","2605","2","1","2","27","18","19","5","8","1","156250","100","125000000","0.0009765625","0.010416666666666666"
"14621","2605","1","1","1","27","18","19","5","16","1","78125","100","62500000","0.00048828125","0.005208333333333333"
"14622","2605","2","1","2","27","18","19","5","16","1","78125","100","62500000","0.00048828125","0.005208333333333333"
"14623","2605","1","1","1","27","18","19","5","32","1","39062","100","31249600","0.0002441375","0.0026041333333333334"
"14624","2605","2","1","2","27","18","19","5","32","1","39062","100","31249600","0.0002441375","0.0026041333333333334"
"14625","2605","1","1","1","27","18","19","5","64","1","19531","100","15624800","0.00012206875","0.0013020666666666667"
"14626","2605","2","1","2","27","18","19","5","64","1","19531","100","15624800","0.00012206875","0.0013020666666666667"
"14627","2605","1","1","1","27","18","19","5","128","1","9765","100","7812000","6.103125e-05","0.000651"
"14628","2605","2","1","2","27","18","19","5","128","1","9765","100","7812000","6.103125e-05","0.000651"
"14629","2605","1","1","1","27","18","19","5","256","1","4882","100","3905600","3.05125e-05","0.00032546666666666665"
"14630","2605","2","1","2","27","18","19","5","256","1","4882","100","3905600","3.05125e-05","0.00032546666666666665"
"14631","2606","1","1","1","28","18","19","5","1","1","12500000","100","10000000000","0.078125","0.8333333333333334"
"14632","2606","2","1","2","28","18","19","5","1","1","12500000","100","10000000000","0.078125","0.8333333333333334"
"14633","2606","1","1","1","28","18","19","5","2","1","6250000","100","5000000000","0.0390625","0.4166666666666667"
"14634","2606","2","1","2","28","18","19","5","2","1","6250000","100","5000000000","0.0390625","0.4166666666666667"
"14635","2606","1","1","1","28","18","19","5","4","1","3125000","100","2500000000","0.01953125","0.20833333333333334"
"14636","2606","2","1","2","28","18","19","5","4","1","3125000","100","2500000000","0.01953125","0.20833333333333334"
"14637","2606","1","1","1","28","18","19","5","8","1","1562500","100","1250000000","0.009765625","0.10416666666666667"
"14638","2606","2","1","2","28","18","19","5","8","1","1562500","100","1250000000","0.009765625","0.10416666666666667"
"14639","2606","1","1","1","28","18","19","5","16","1","781250","100","625000000","0.0048828125","0.052083333333333336"
"14640","2606","2","1","2","28","18","19","5","16","1","781250","100","625000000","0.0048828125","0.052083333333333336"
"14641","2606","1","1","1","28","18","19","5","32","1","390625","100","312500000","0.00244140625","0.026041666666666668"
"14642","2606","2","1","2","28","18","19","5","32","1","390625","100","312500000","0.00244140625","0.026041666666666668"
"14643","2606","1","1","1","28","18","19","5","64","1","195312","100","156249600","0.0012207","0.0130208"
"14644","2606","2","1","2","28","18","19","5","64","1","195312","100","156249600","0.0012207","0.0130208"
"14645","2606","1","1","1","28","18","19","5","128","1","97656","100","78124800","0.00061035","0.0065104"
"14646","2606","2","1","2","28","18","19","5","128","1","97656","100","78124800","0.00061035","0.0065104"
"14647","2606","1","1","1","28","18","19","5","256","1","48828","100","39062400","0.000305175","0.0032552"
"14648","2606","2","1","2","28","18","19","5","256","1","48828","100","39062400","0.000305175","0.0032552"
"14649","2607","1","1","1","29","18","19","5","1","1","125000000","100","100000000000","0.78125","8.333333333333334"
"14650","2607","2","1","2","29","18","19","5","1","1","125000000","100","100000000000","0.78125","8.333333333333334"
"14651","2607","1","1","1","29","18","19","5","2","1","62500000","100","50000000000","0.390625","4.166666666666667"
"14652","2607","2","1","2","29","18","19","5","2","1","62500000","100","50000000000","0.390625","4.166666666666667"
"14653","2607","1","1","1","29","18","19","5","4","1","31250000","100","25000000000","0.1953125","2.0833333333333335"
"14654","2607","2","1","2","29","18","19","5","4","1","31250000","100","25000000000","0.1953125","2.0833333333333335"
"14655","2607","1","1","1","29","18","19","5","8","1","15625000","100","12500000000","0.09765625","1.0416666666666667"
"14656","2607","2","1","2","29","18","19","5","8","1","15625000","100","12500000000","0.09765625","1.0416666666666667"
"14657","2607","1","1","1","29","18","19","5","16","1","7812500","100","6250000000","0.048828125","0.5208333333333334"
"14658","2607","2","1","2","29","18","19","5","16","1","7812500","100","6250000000","0.048828125","0.5208333333333334"
"14659","2607","1","1","1","29","18","19","5","32","1","3906250","100","3125000000","0.0244140625","0.2604166666666667"
"14660","2607","2","1","2","29","18","19","5","32","1","3906250","100","3125000000","0.0244140625","0.2604166666666667"
"14661","2607","1","1","1","29","18","19","5","64","1","1953125","100","1562500000","0.01220703125","0.13020833333333334"
"14662","2607","2","1","2","29","18","19","5","64","1","1953125","100","1562500000","0.01220703125","0.13020833333333334"
"14663","2607","1","1","1","29","18","19","5","128","1","976562","100","781249600","0.0061035125","0.06510413333333333"
"14664","2607","2","1","2","29","18","19","5","128","1","976562","100","781249600","0.0061035125","0.06510413333333333"
"14665","2607","1","1","1","29","18","19","5","256","1","488281","100","390624800","0.00305175625","0.032552066666666664"
"14666","2607","2","1","2","29","18","19","5","256","1","488281","100","390624800","0.00305175625","0.032552066666666664"
"14721","2611","1","1","1","27","18","20","5","1","1","1250000","100","1000000000","0.0078125","0.08333333333333333"
"14722","2611","2","1","2","27","18","20","5","1","1","1250000","100","1000000000","0.0078125","0.08333333333333333"
"14723","2611","1","1","1","27","18","20","5","2","1","625000","100","500000000","0.00390625","0.041666666666666664"
"14724","2611","2","1","2","27","18","20","5","2","1","625000","100","500000000","0.00390625","0.041666666666666664"
"14725","2611","1","1","1","27","18","20","5","4","1","312500","100","250000000","0.001953125","0.020833333333333332"
"14726","2611","2","1","2","27","18","20","5","4","1","312500","100","250000000","0.001953125","0.020833333333333332"
"14727","2611","1","1","1","27","18","20","5","8","1","156250","100","125000000","0.0009765625","0.010416666666666666"
"14728","2611","2","1","2","27","18","20","5","8","1","156250","100","125000000","0.0009765625","0.010416666666666666"
"14729","2611","1","1","1","27","18","20","5","16","1","78125","100","62500000","0.00048828125","0.005208333333333333"
"14730","2611","2","1","2","27","18","20","5","16","1","78125","100","62500000","0.00048828125","0.005208333333333333"
"14731","2611","1","1","1","27","18","20","5","32","1","39062","100","31249600","0.0002441375","0.0026041333333333334"
"14732","2611","2","1","2","27","18","20","5","32","1","39062","100","31249600","0.0002441375","0.0026041333333333334"
"14733","2611","1","1","1","27","18","20","5","64","1","19531","100","15624800","0.00012206875","0.0013020666666666667"
"14734","2611","2","1","2","27","18","20","5","64","1","19531","100","15624800","0.00012206875","0.0013020666666666667"
"14735","2611","1","1","1","27","18","20","5","128","1","9765","100","7812000","6.103125e-05","0.000651"
"14736","2611","2","1","2","27","18","20","5","128","1","9765","100","7812000","6.103125e-05","0.000651"
"14737","2611","1","1","1","27","18","20","5","256","1","4882","100","3905600","3.05125e-05","0.00032546666666666665"
"14738","2611","2","1","2","27","18","20","5","256","1","4882","100","3905600","3.05125e-05","0.00032546666666666665"
"14739","2612","1","1","1","28","18","20","5","1","1","12500000","100","10000000000","0.078125","0.8333333333333334"
"14740","2612","2","1","2","28","18","20","5","1","1","12500000","100","10000000000","0.078125","0.8333333333333334"
"14741","2612","1","1","1","28","18","20","5","2","1","6250000","100","5000000000","0.0390625","0.4166666666666667"
"14742","2612","2","1","2","28","18","20","5","2","1","6250000","100","5000000000","0.0390625","0.4166666666666667"
"14743","2612","1","1","1","28","18","20","5","4","1","3125000","100","2500000000","0.01953125","0.20833333333333334"
"14744","2612","2","1","2","28","18","20","5","4","1","3125000","100","2500000000","0.01953125","0.20833333333333334"
"14745","2612","1","1","1","28","18","20","5","8","1","1562500","100","1250000000","0.009765625","0.10416666666666667"
"14746","2612","2","1","2","28","18","20","5","8","1","1562500","100","1250000000","0.009765625","0.10416666666666667"
"14747","2612","1","1","1","28","18","20","5","16","1","781250","100","625000000","0.0048828125","0.052083333333333336"
"14748","2612","2","1","2","28","18","20","5","16","1","781250","100","625000000","0.0048828125","0.052083333333333336"
"14749","2612","1","1","1","28","18","20","5","32","1","390625","100","312500000","0.00244140625","0.026041666666666668"
"14750","2612","2","1","2","28","18","20","5","32","1","390625","100","312500000","0.00244140625","0.026041666666666668"
"14751","2612","1","1","1","28","18","20","5","64","1","195312","100","156249600","0.0012207","0.0130208"
"14752","2612","2","1","2","28","18","20","5","64","1","195312","100","156249600","0.0012207","0.0130208"
"14753","2612","1","1","1","28","18","20","5","128","1","97656","100","78124800","0.00061035","0.0065104"
"14754","2612","2","1","2","28","18","20","5","128","1","97656","100","78124800","0.00061035","0.0065104"
"14755","2612","1","1","1","28","18","20","5","256","1","48828","100","39062400","0.000305175","0.0032552"
"14756","2612","2","1","2","28","18","20","5","256","1","48828","100","39062400","0.000305175","0.0032552"
"14757","2613","1","1","1","29","18","20","5","1","1","125000000","100","100000000000","0.78125","8.333333333333334"
"14758","2613","2","1","2","29","18","20","5","1","1","125000000","100","100000000000","0.78125","8.333333333333334"
"14759","2613","1","1","1","29","18","20","5","2","1","62500000","100","50000000000","0.390625","4.166666666666667"
"14760","2613","2","1","2","29","18","20","5","2","1","62500000","100","50000000000","0.390625","4.166666666666667"
"14761","2613","1","1","1","29","18","20","5","4","1","31250000","100","25000000000","0.1953125","2.0833333333333335"
"14762","2613","2","1","2","29","18","20","5","4","1","31250000","100","25000000000","0.1953125","2.0833333333333335"
"14763","2613","1","1","1","29","18","20","5","8","1","15625000","100","12500000000","0.09765625","1.0416666666666667"
"14764","2613","2","1","2","29","18","20","5","8","1","15625000","100","12500000000","0.09765625","1.0416666666666667"
"14765","2613","1","1","1","29","18","20","5","16","1","7812500","100","6250000000","0.048828125","0.5208333333333334"
"14766","2613","2","1","2","29","18","20","5","16","1","7812500","100","6250000000","0.048828125","0.5208333333333334"
"14767","2613","1","1","1","29","18","20","5","32","1","3906250","100","3125000000","0.0244140625","0.2604166666666667"
"14768","2613","2","1","2","29","18","20","5","32","1","3906250","100","3125000000","0.0244140625","0.2604166666666667"
"14769","2613","1","1","1","29","18","20","5","64","1","1953125","100","1562500000","0.01220703125","0.13020833333333334"
"14770","2613","2","1","2","29","18","20","5","64","1","1953125","100","1562500000","0.01220703125","0.13020833333333334"
"14771","2613","1","1","1","29","18","20","5","128","1","976562","100","781249600","0.0061035125","0.06510413333333333"
"14772","2613","2","1","2","29","18","20","5","128","1","976562","100","781249600","0.0061035125","0.06510413333333333"
"14773","2613","1","1","1","29","18","20","5","256","1","488281","100","390624800","0.00305175625","0.032552066666666664"
"14774","2613","2","1","2","29","18","20","5","256","1","488281","100","390624800","0.00305175625","0.032552066666666664"
"14829","2617","1","1","1","27","18","21","5","1","1","1250000","100","1000000000","0.0078125","0.08333333333333333"
"14830","2617","2","1","2","27","18","21","5","1","1","1250000","100","1000000000","0.0078125","0.08333333333333333"
"14831","2617","1","1","1","27","18","21","5","2","1","625000","100","500000000","0.00390625","0.041666666666666664"
"14832","2617","2","1","2","27","18","21","5","2","1","625000","100","500000000","0.00390625","0.041666666666666664"
"14833","2617","1","1","1","27","18","21","5","4","1","312500","100","250000000","0.001953125","0.020833333333333332"
"14834","2617","2","1","2","27","18","21","5","4","1","312500","100","250000000","0.001953125","0.020833333333333332"
"14835","2617","1","1","1","27","18","21","5","8","1","156250","100","125000000","0.0009765625","0.010416666666666666"
"14836","2617","2","1","2","27","18","21","5","8","1","156250","100","125000000","0.0009765625","0.010416666666666666"
"14837","2617","1","1","1","27","18","21","5","16","1","78125","100","62500000","0.00048828125","0.005208333333333333"
"14838","2617","2","1","2","27","18","21","5","16","1","78125","100","62500000","0.00048828125","0.005208333333333333"
"14839","2617","1","1","1","27","18","21","5","32","1","39062","100","31249600","0.0002441375","0.0026041333333333334"
"14840","2617","2","1","2","27","18","21","5","32","1","39062","100","31249600","0.0002441375","0.0026041333333333334"
"14841","2617","1","1","1","27","18","21","5","64","1","19531","100","15624800","0.00012206875","0.0013020666666666667"
"14842","2617","2","1","2","27","18","21","5","64","1","19531","100","15624800","0.00012206875","0.0013020666666666667"
"14843","2617","1","1","1","27","18","21","5","128","1","9765","100","7812000","6.103125e-05","0.000651"
"14844","2617","2","1","2","27","18","21","5","128","1","9765","100","7812000","6.103125e-05","0.000651"
"14845","2617","1","1","1","27","18","21","5","256","1","4882","100","3905600","3.05125e-05","0.00032546666666666665"
"14846","2617","2","1","2","27","18","21","5","256","1","4882","100","3905600","3.05125e-05","0.00032546666666666665"
"14847","2618","1","1","1","28","18","21","5","1","1","12500000","100","10000000000","0.078125","0.8333333333333334"
"14848","2618","2","1","2","28","18","21","5","1","1","12500000","100","10000000000","0.078125","0.8333333333333334"
"14849","2618","1","1","1","28","18","21","5","2","1","6250000","100","5000000000","0.0390625","0.4166666666666667"
"14850","2618","2","1","2","28","18","21","5","2","1","6250000","100","5000000000","0.0390625","0.4166666666666667"
"14851","2618","1","1","1","28","18","21","5","4","1","3125000","100","2500000000","0.01953125","0.20833333333333334"
"14852","2618","2","1","2","28","18","21","5","4","1","3125000","100","2500000000","0.01953125","0.20833333333333334"
"14853","2618","1","1","1","28","18","21","5","8","1","1562500","100","1250000000","0.009765625","0.10416666666666667"
"14854","2618","2","1","2","28","18","21","5","8","1","1562500","100","1250000000","0.009765625","0.10416666666666667"
"14855","2618","1","1","1","28","18","21","5","16","1","781250","100","625000000","0.0048828125","0.052083333333333336"
"14856","2618","2","1","2","28","18","21","5","16","1","781250","100","625000000","0.0048828125","0.052083333333333336"
"14857","2618","1","1","1","28","18","21","5","32","1","390625","100","312500000","0.00244140625","0.026041666666666668"
"14858","2618","2","1","2","28","18","21","5","32","1","390625","100","312500000","0.00244140625","0.026041666666666668"
"14859","2618","1","1","1","28","18","21","5","64","1","195312","100","156249600","0.0012207","0.0130208"
"14860","2618","2","1","2","28","18","21","5","64","1","195312","100","156249600","0.0012207","0.0130208"
"14861","2618","1","1","1","28","18","21","5","128","1","97656","100","78124800","0.00061035","0.0065104"
"14862","2618","2","1","2","28","18","21","5","128","1","97656","100","78124800","0.00061035","0.0065104"
"14863","2618","1","1","1","28","18","21","5","256","1","48828","100","39062400","0.000305175","0.0032552"
"14864","2618","2","1","2","28","18","21","5","256","1","48828","100","39062400","0.000305175","0.0032552"
"14865","2619","1","1","1","29","18","21","5","1","1","125000000","100","100000000000","0.78125","8.333333333333334"
"14866","2619","2","1","2","29","18","21","5","1","1","125000000","100","100000000000","0.78125","8.333333333333334"
"14867","2619","1","1","1","29","18","21","5","2","1","62500000","100","50000000000","0.390625","4.166666666666667"
"14868","2619","2","1","2","29","18","21","5","2","1","62500000","100","50000000000","0.390625","4.166666666666667"
"14869","2619","1","1","1","29","18","21","5","4","1","31250000","100","25000000000","0.1953125","2.0833333333333335"
"14870","2619","2","1","2","29","18","21","5","4","1","31250000","100","25000000000","0.1953125","2.0833333333333335"
"14871","2619","1","1","1","29","18","21","5","8","1","15625000","100","12500000000","0.09765625","1.0416666666666667"
"14872","2619","2","1","2","29","18","21","5","8","1","15625000","100","12500000000","0.09765625","1.0416666666666667"
"14873","2619","1","1","1","29","18","21","5","16","1","7812500","100","6250000000","0.048828125","0.5208333333333334"
"14874","2619","2","1","2","29","18","21","5","16","1","7812500","100","6250000000","0.048828125","0.5208333333333334"
"14875","2619","1","1","1","29","18","21","5","32","1","3906250","100","3125000000","0.0244140625","0.2604166666666667"
"14876","2619","2","1","2","29","18","21","5","32","1","3906250","100","3125000000","0.0244140625","0.2604166666666667"
"14877","2619","1","1","1","29","18","21","5","64","1","1953125","100","1562500000","0.01220703125","0.13020833333333334"
"14878","2619","2","1","2","29","18","21","5","64","1","1953125","100","1562500000","0.01220703125","0.13020833333333334"
"14879","2619","1","1","1","29","18","21","5","128","1","976562","100","781249600","0.0061035125","0.06510413333333333"
"14880","2619","2","1","2","29","18","21","5","128","1","976562","100","781249600","0.0061035125","0.06510413333333333"
"14881","2619","1","1","1","29","18","21","5","256","1","488281","100","390624800","0.00305175625","0.032552066666666664"
"14882","2619","2","1","2","29","18","21","5","256","1","488281","100","390624800","0.00305175625","0.032552066666666664"
"14937","2623","1","1","1","27","18","22","5","1","1","1250000","100","1000000000","0.0078125","0.08333333333333333"
"14938","2623","2","1","2","27","18","22","5","1","1","1250000","100","1000000000","0.0078125","0.08333333333333333"
"14939","2623","1","1","1","27","18","22","5","2","1","625000","100","500000000","0.00390625","0.041666666666666664"
"14940","2623","2","1","2","27","18","22","5","2","1","625000","100","500000000","0.00390625","0.041666666666666664"
"14941","2623","1","1","1","27","18","22","5","4","1","312500","100","250000000","0.001953125","0.020833333333333332"
"14942","2623","2","1","2","27","18","22","5","4","1","312500","100","250000000","0.001953125","0.020833333333333332"
"14943","2623","1","1","1","27","18","22","5","8","1","156250","100","125000000","0.0009765625","0.010416666666666666"
"14944","2623","2","1","2","27","18","22","5","8","1","156250","100","125000000","0.0009765625","0.010416666666666666"
"14945","2623","1","1","1","27","18","22","5","16","1","78125","100","62500000","0.00048828125","0.005208333333333333"
"14946","2623","2","1","2","27","18","22","5","16","1","78125","100","62500000","0.00048828125","0.005208333333333333"
"14947","2623","1","1","1","27","18","22","5","32","1","39062","100","31249600","0.0002441375","0.0026041333333333334"
"14948","2623","2","1","2","27","18","22","5","32","1","39062","100","31249600","0.0002441375","0.0026041333333333334"
"14949","2623","1","1","1","27","18","22","5","64","1","19531","100","15624800","0.00012206875","0.0013020666666666667"
"14950","2623","2","1","2","27","18","22","5","64","1","19531","100","15624800","0.00012206875","0.0013020666666666667"
"14951","2623","1","1","1","27","18","22","5","128","1","9765","100","7812000","6.103125e-05","0.000651"
"14952","2623","2","1","2","27","18","22","5","128","1","9765","100","7812000","6.103125e-05","0.000651"
"14953","2623","1","1","1","27","18","22","5","256","1","4882","100","3905600","3.05125e-05","0.00032546666666666665"
"14954","2623","2","1","2","27","18","22","5","256","1","4882","100","3905600","3.05125e-05","0.00032546666666666665"
"14955","2624","1","1","1","28","18","22","5","1","1","12500000","100","10000000000","0.078125","0.8333333333333334"
"14956","2624","2","1","2","28","18","22","5","1","1","12500000","100","10000000000","0.078125","0.8333333333333334"
"14957","2624","1","1","1","28","18","22","5","2","1","6250000","100","5000000000","0.0390625","0.4166666666666667"
"14958","2624","2","1","2","28","18","22","5","2","1","6250000","100","5000000000","0.0390625","0.4166666666666667"
"14959","2624","1","1","1","28","18","22","5","4","1","3125000","100","2500000000","0.01953125","0.20833333333333334"
"14960","2624","2","1","2","28","18","22","5","4","1","3125000","100","2500000000","0.01953125","0.20833333333333334"
"14961","2624","1","1","1","28","18","22","5","8","1","1562500","100","1250000000","0.009765625","0.10416666666666667"
"14962","2624","2","1","2","28","18","22","5","8","1","1562500","100","1250000000","0.009765625","0.10416666666666667"
"14963","2624","1","1","1","28","18","22","5","16","1","781250","100","625000000","0.0048828125","0.052083333333333336"
"14964","2624","2","1","2","28","18","22","5","16","1","781250","100","625000000","0.0048828125","0.052083333333333336"
"14965","2624","1","1","1","28","18","22","5","32","1","390625","100","312500000","0.00244140625","0.026041666666666668"
"14966","2624","2","1","2","28","18","22","5","32","1","390625","100","312500000","0.00244140625","0.026041666666666668"
"14967","2624","1","1","1","28","18","22","5","64","1","195312","100","156249600","0.0012207","0.0130208"
"14968","2624","2","1","2","28","18","22","5","64","1","195312","100","156249600","0.0012207","0.0130208"
"14969","2624","1","1","1","28","18","22","5","128","1","97656","100","78124800","0.00061035","0.0065104"
"14970","2624","2","1","2","28","18","22","5","128","1","97656","100","78124800","0.00061035","0.0065104"
"14971","2624","1","1","1","28","18","22","5","256","1","48828","100","39062400","0.000305175","0.0032552"
"14972","2624","2","1","2","28","18","22","5","256","1","48828","100","39062400","0.000305175","0.0032552"
"14973","2625","1","1","1","29","18","22","5","1","1","125000000","100","100000000000","0.78125","8.333333333333334"
"14974","2625","2","1","2","29","18","22","5","1","1","125000000","100","100000000000","0.78125","8.333333333333334"
"14975","2625","1","1","1","29","18","22","5","2","1","62500000","100","50000000000","0.390625","4.166666666666667"
"14976","2625","2","1","2","29","18","22","5","2","1","62500000","100","50000000000","0.390625","4.166666666666667"
"14977","2625","1","1","1","29","18","22","5","4","1","31250000","100","25000000000","0.1953125","2.0833333333333335"
"14978","2625","2","1","2","29","18","22","5","4","1","31250000","100","25000000000","0.1953125","2.0833333333333335"
"14979","2625","1","1","1","29","18","22","5","8","1","15625000","100","12500000000","0.09765625","1.0416666666666667"
"14980","2625","2","1","2","29","18","22","5","8","1","15625000","100","12500000000","0.09765625","1.0416666666666667"
"14981","2625","1","1","1","29","18","22","5","16","1","7812500","100","6250000000","0.048828125","0.5208333333333334"
"14982","2625","2","1","2","29","18","22","5","16","1","7812500","100","6250000000","0.048828125","0.5208333333333334"
"14983","2625","1","1","1","29","18","22","5","32","1","3906250","100","3125000000","0.0244140625","0.2604166666666667"
"14984","2625","2","1","2","29","18","22","5","32","1","3906250","100","3125000000","0.0244140625","0.2604166666666667"
"14985","2625","1","1","1","29","18","22","5","64","1","1953125","100","1562500000","0.01220703125","0.13020833333333334"
"14986","2625","2","1","2","29","18","22","5","64","1","1953125","100","1562500000","0.01220703125","0.13020833333333334"
"14987","2625","1","1","1","29","18","22","5","128","1","976562","100","781249600","0.0061035125","0.06510413333333333"
"14988","2625","2","1","2","29","18","22","5","128","1","976562","100","781249600","0.0061035125","0.06510413333333333"
"14989","2625","1","1","1","29","18","22","5","256","1","488281","100","390624800","0.00305175625","0.032552066666666664"
"14990","2625","2","1","2","29","18","22","5","256","1","488281","100","390624800","0.00305175625","0.032552066666666664"
"15045","2629","1","1","1","27","18","23","5","1","1","1250000","100","1000000000","0.0078125","0.08333333333333333"
"15046","2629","2","1","2","27","18","23","5","1","1","1250000","100","1000000000","0.0078125","0.08333333333333333"
"15047","2629","1","1","1","27","18","23","5","2","1","625000","100","500000000","0.00390625","0.041666666666666664"
"15048","2629","2","1","2","27","18","23","5","2","1","625000","100","500000000","0.00390625","0.041666666666666664"
"15049","2629","1","1","1","27","18","23","5","4","1","312500","100","250000000","0.001953125","0.020833333333333332"
"15050","2629","2","1","2","27","18","23","5","4","1","312500","100","250000000","0.001953125","0.020833333333333332"
"15051","2629","1","1","1","27","18","23","5","8","1","156250","100","125000000","0.0009765625","0.010416666666666666"
"15052","2629","2","1","2","27","18","23","5","8","1","156250","100","125000000","0.0009765625","0.010416666666666666"
"15053","2629","1","1","1","27","18","23","5","16","1","78125","100","62500000","0.00048828125","0.005208333333333333"
"15054","2629","2","1","2","27","18","23","5","16","1","78125","100","62500000","0.00048828125","0.005208333333333333"
"15055","2629","1","1","1","27","18","23","5","32","1","39062","100","31249600","0.0002441375","0.0026041333333333334"
"15056","2629","2","1","2","27","18","23","5","32","1","39062","100","31249600","0.0002441375","0.0026041333333333334"
"15057","2629","1","1","1","27","18","23","5","64","1","19531","100","15624800","0.00012206875","0.0013020666666666667"
"15058","2629","2","1","2","27","18","23","5","64","1","19531","100","15624800","0.00012206875","0.0013020666666666667"
"15059","2629","1","1","1","27","18","23","5","128","1","9765","100","7812000","6.103125e-05","0.000651"
"15060","2629","2","1","2","27","18","23","5","128","1","9765","100","7812000","6.103125e-05","0.000651"
"15061","2629","1","1","1","27","18","23","5","256","1","4882","100","3905600","3.05125e-05","0.00032546666666666665"
"15062","2629","2","1","2","27","18","23","5","256","1","4882","100","3905600","3.05125e-05","0.00032546666666666665"
"15063","2630","1","1","1","28","18","23","5","1","1","12500000","100","10000000000","0.078125","0.8333333333333334"
"15064","2630","2","1","2","28","18","23","5","1","1","12500000","100","10000000000","0.078125","0.8333333333333334"
"15065","2630","1","1","1","28","18","23","5","2","1","6250000","100","5000000000","0.0390625","0.4166666666666667"
"15066","2630","2","1","2","28","18","23","5","2","1","6250000","100","5000000000","0.0390625","0.4166666666666667"
"15067","2630","1","1","1","28","18","23","5","4","1","3125000","100","2500000000","0.01953125","0.20833333333333334"
"15068","2630","2","1","2","28","18","23","5","4","1","3125000","100","2500000000","0.01953125","0.20833333333333334"
"15069","2630","1","1","1","28","18","23","5","8","1","1562500","100","1250000000","0.009765625","0.10416666666666667"
"15070","2630","2","1","2","28","18","23","5","8","1","1562500","100","1250000000","0.009765625","0.10416666666666667"
"15071","2630","1","1","1","28","18","23","5","16","1","781250","100","625000000","0.0048828125","0.052083333333333336"
"15072","2630","2","1","2","28","18","23","5","16","1","781250","100","625000000","0.0048828125","0.052083333333333336"
"15073","2630","1","1","1","28","18","23","5","32","1","390625","100","312500000","0.00244140625","0.026041666666666668"
"15074","2630","2","1","2","28","18","23","5","32","1","390625","100","312500000","0.00244140625","0.026041666666666668"
"15075","2630","1","1","1","28","18","23","5","64","1","195312","100","156249600","0.0012207","0.0130208"
"15076","2630","2","1","2","28","18","23","5","64","1","195312","100","156249600","0.0012207","0.0130208"
"15077","2630","1","1","1","28","18","23","5","128","1","97656","100","78124800","0.00061035","0.0065104"
"15078","2630","2","1","2","28","18","23","5","128","1","97656","100","78124800","0.00061035","0.0065104"
"15079","2630","1","1","1","28","18","23","5","256","1","48828","100","39062400","0.000305175","0.0032552"
"15080","2630","2","1","2","28","18","23","5","256","1","48828","100","39062400","0.000305175","0.0032552"
"15081","2631","1","1","1","29","18","23","5","1","1","125000000","100","100000000000","0.78125","8.333333333333334"
"15082","2631","2","1","2","29","18","23","5","1","1","125000000","100","100000000000","0.78125","8.333333333333334"
"15083","2631","1","1","1","29","18","23","5","2","1","62500000","100","50000000000","0.390625","4.166666666666667"
"15084","2631","2","1","2","29","18","23","5","2","1","62500000","100","50000000000","0.390625","4.166666666666667"
"15085","2631","1","1","1","29","18","23","5","4","1","31250000","100","25000000000","0.1953125","2.0833333333333335"
"15086","2631","2","1","2","29","18","23","5","4","1","31250000","100","25000000000","0.1953125","2.0833333333333335"
"15087","2631","1","1","1","29","18","23","5","8","1","15625000","100","12500000000","0.09765625","1.0416666666666667"
"15088","2631","2","1","2","29","18","23","5","8","1","15625000","100","12500000000","0.09765625","1.0416666666666667"
"15089","2631","1","1","1","29","18","23","5","16","1","7812500","100","6250000000","0.048828125","0.5208333333333334"
"15090","2631","2","1","2","29","18","23","5","16","1","7812500","100","6250000000","0.048828125","0.5208333333333334"
"15091","2631","1","1","1","29","18","23","5","32","1","3906250","100","3125000000","0.0244140625","0.2604166666666667"
"15092","2631","2","1","2","29","18","23","5","32","1","3906250","100","3125000000","0.0244140625","0.2604166666666667"
"15093","2631","1","1","1","29","18","23","5","64","1","1953125","100","1562500000","0.01220703125","0.13020833333333334"
"15094","2631","2","1","2","29","18","23","5","64","1","1953125","100","1562500000","0.01220703125","0.13020833333333334"
"15095","2631","1","1","1","29","18","23","5","128","1","976562","100","781249600","0.0061035125","0.06510413333333333"
"15096","2631","2","1","2","29","18","23","5","128","1","976562","100","781249600","0.0061035125","0.06510413333333333"
"15097","2631","1","1","1","29","18","23","5","256","1","488281","100","390624800","0.00305175625","0.032552066666666664"
"15098","2631","2","1","2","29","18","23","5","256","1","488281","100","390624800","0.00305175625","0.032552066666666664"
"15153","2635","1","1","1","27","18","24","5","1","1","1250000","100","1000000000","0.0078125","0.08333333333333333"
"15154","2635","2","1","2","27","18","24","5","1","1","1250000","100","1000000000","0.0078125","0.08333333333333333"
"15155","2635","1","1","1","27","18","24","5","2","1","625000","100","500000000","0.00390625","0.041666666666666664"
"15156","2635","2","1","2","27","18","24","5","2","1","625000","100","500000000","0.00390625","0.041666666666666664"
"15157","2635","1","1","1","27","18","24","5","4","1","312500","100","250000000","0.001953125","0.020833333333333332"
"15158","2635","2","1","2","27","18","24","5","4","1","312500","100","250000000","0.001953125","0.020833333333333332"
"15159","2635","1","1","1","27","18","24","5","8","1","156250","100","125000000","0.0009765625","0.010416666666666666"
"15160","2635","2","1","2","27","18","24","5","8","1","156250","100","125000000","0.0009765625","0.010416666666666666"
"15161","2635","1","1","1","27","18","24","5","16","1","78125","100","62500000","0.00048828125","0.005208333333333333"
"15162","2635","2","1","2","27","18","24","5","16","1","78125","100","62500000","0.00048828125","0.005208333333333333"
"15163","2635","1","1","1","27","18","24","5","32","1","39062","100","31249600","0.0002441375","0.0026041333333333334"
"15164","2635","2","1","2","27","18","24","5","32","1","39062","100","31249600","0.0002441375","0.0026041333333333334"
"15165","2635","1","1","1","27","18","24","5","64","1","19531","100","15624800","0.00012206875","0.0013020666666666667"
"15166","2635","2","1","2","27","18","24","5","64","1","19531","100","15624800","0.00012206875","0.0013020666666666667"
"15167","2635","1","1","1","27","18","24","5","128","1","9765","100","7812000","6.103125e-05","0.000651"
"15168","2635","2","1","2","27","18","24","5","128","1","9765","100","7812000","6.103125e-05","0.000651"
"15169","2635","1","1","1","27","18","24","5","256","1","4882","100","3905600","3.05125e-05","0.00032546666666666665"
"15170","2635","2","1","2","27","18","24","5","256","1","4882","100","3905600","3.05125e-05","0.00032546666666666665"
"15171","2636","1","1","1","28","18","24","5","1","1","12500000","100","10000000000","0.078125","0.8333333333333334"
"15172","2636","2","1","2","28","18","24","5","1","1","12500000","100","10000000000","0.078125","0.8333333333333334"
"15173","2636","1","1","1","28","18","24","5","2","1","6250000","100","5000000000","0.0390625","0.4166666666666667"
"15174","2636","2","1","2","28","18","24","5","2","1","6250000","100","5000000000","0.0390625","0.4166666666666667"
"15175","2636","1","1","1","28","18","24","5","4","1","3125000","100","2500000000","0.01953125","0.20833333333333334"
"15176","2636","2","1","2","28","18","24","5","4","1","3125000","100","2500000000","0.01953125","0.20833333333333334"
"15177","2636","1","1","1","28","18","24","5","8","1","1562500","100","1250000000","0.009765625","0.10416666666666667"
"15178","2636","2","1","2","28","18","24","5","8","1","1562500","100","1250000000","0.009765625","0.10416666666666667"
"15179","2636","1","1","1","28","18","24","5","16","1","781250","100","625000000","0.0048828125","0.052083333333333336"
"15180","2636","2","1","2","28","18","24","5","16","1","781250","100","625000000","0.0048828125","0.052083333333333336"
"15181","2636","1","1","1","28","18","24","5","32","1","390625","100","312500000","0.00244140625","0.026041666666666668"
"15182","2636","2","1","2","28","18","24","5","32","1","390625","100","312500000","0.00244140625","0.026041666666666668"
"15183","2636","1","1","1","28","18","24","5","64","1","195312","100","156249600","0.0012207","0.0130208"
"15184","2636","2","1","2","28","18","24","5","64","1","195312","100","156249600","0.0012207","0.0130208"
"15185","2636","1","1","1","28","18","24","5","128","1","97656","100","78124800","0.00061035","0.0065104"
"15186","2636","2","1","2","28","18","24","5","128","1","97656","100","78124800","0.00061035","0.0065104"
"15187","2636","1","1","1","28","18","24","5","256","1","48828","100","39062400","0.000305175","0.0032552"
"15188","2636","2","1","2","28","18","24","5","256","1","48828","100","39062400","0.000305175","0.0032552"
"15189","2637","1","1","1","29","18","24","5","1","1","125000000","100","100000000000","0.78125","8.333333333333334"
"15190","2637","2","1","2","29","18","24","5","1","1","125000000","100","100000000000","0.78125","8.333333333333334"
"15191","2637","1","1","1","29","18","24","5","2","1","62500000","100","50000000000","0.390625","4.166666666666667"
"15192","2637","2","1","2","29","18","24","5","2","1","62500000","100","50000000000","0.390625","4.166666666666667"
"15193","2637","1","1","1","29","18","24","5","4","1","31250000","100","25000000000","0.1953125","2.0833333333333335"
"15194","2637","2","1","2","29","18","24","5","4","1","31250000","100","25000000000","0.1953125","2.0833333333333335"
"15195","2637","1","1","1","29","18","24","5","8","1","15625000","100","12500000000","0.09765625","1.0416666666666667"
"15196","2637","2","1","2","29","18","24","5","8","1","15625000","100","12500000000","0.09765625","1.0416666666666667"
"15197","2637","1","1","1","29","18","24","5","16","1","7812500","100","6250000000","0.048828125","0.5208333333333334"
"15198","2637","2","1","2","29","18","24","5","16","1","7812500","100","6250000000","0.048828125","0.5208333333333334"
"15199","2637","1","1","1","29","18","24","5","32","1","3906250","100","3125000000","0.0244140625","0.2604166666666667"
"15200","2637","2","1","2","29","18","24","5","32","1","3906250","100","3125000000","0.0244140625","0.2604166666666667"
"15201","2637","1","1","1","29","18","24","5","64","1","1953125","100","1562500000","0.01220703125","0.13020833333333334"
"15202","2637","2","1","2","29","18","24","5","64","1","1953125","100","1562500000","0.01220703125","0.13020833333333334"
"15203","2637","1","1","1","29","18","24","5","128","1","976562","100","781249600","0.0061035125","0.06510413333333333"
"15204","2637","2","1","2","29","18","24","5","128","1","976562","100","781249600","0.0061035125","0.06510413333333333"
"15205","2637","1","1","1","29","18","24","5","256","1","488281","100","390624800","0.00305175625","0.032552066666666664"
"15206","2637","2","1","2","29","18","24","5","256","1","488281","100","390624800","0.00305175625","0.032552066666666664"
"15261","2641","1","1","1","27","18","25","5","1","1","1250000","100","1000000000","0.0078125","0.08333333333333333"
"15262","2641","2","1","2","27","18","25","5","1","1","1250000","100","1000000000","0.0078125","0.08333333333333333"
"15263","2641","1","1","1","27","18","25","5","2","1","625000","100","500000000","0.00390625","0.041666666666666664"
"15264","2641","2","1","2","27","18","25","5","2","1","625000","100","500000000","0.00390625","0.041666666666666664"
"15265","2641","1","1","1","27","18","25","5","4","1","312500","100","250000000","0.001953125","0.020833333333333332"
"15266","2641","2","1","2","27","18","25","5","4","1","312500","100","250000000","0.001953125","0.020833333333333332"
"15267","2641","1","1","1","27","18","25","5","8","1","156250","100","125000000","0.0009765625","0.010416666666666666"
"15268","2641","2","1","2","27","18","25","5","8","1","156250","100","125000000","0.0009765625","0.010416666666666666"
"15269","2641","1","1","1","27","18","25","5","16","1","78125","100","62500000","0.00048828125","0.005208333333333333"
"15270","2641","2","1","2","27","18","25","5","16","1","78125","100","62500000","0.00048828125","0.005208333333333333"
"15271","2641","1","1","1","27","18","25","5","32","1","39062","100","31249600","0.0002441375","0.0026041333333333334"
"15272","2641","2","1","2","27","18","25","5","32","1","39062","100","31249600","0.0002441375","0.0026041333333333334"
"15273","2641","1","1","1","27","18","25","5","64","1","19531","100","15624800","0.00012206875","0.0013020666666666667"
"15274","2641","2","1","2","27","18","25","5","64","1","19531","100","15624800","0.00012206875","0.0013020666666666667"
"15275","2641","1","1","1","27","18","25","5","128","1","9765","100","7812000","6.103125e-05","0.000651"
"15276","2641","2","1","2","27","18","25","5","128","1","9765","100","7812000","6.103125e-05","0.000651"
"15277","2641","1","1","1","27","18","25","5","256","1","4882","100","3905600","3.05125e-05","0.00032546666666666665"
"15278","2641","2","1","2","27","18","25","5","256","1","4882","100","3905600","3.05125e-05","0.00032546666666666665"
"15279","2642","1","1","1","28","18","25","5","1","1","12500000","100","10000000000","0.078125","0.8333333333333334"
"15280","2642","2","1","2","28","18","25","5","1","1","12500000","100","10000000000","0.078125","0.8333333333333334"
"15281","2642","1","1","1","28","18","25","5","2","1","6250000","100","5000000000","0.0390625","0.4166666666666667"
"15282","2642","2","1","2","28","18","25","5","2","1","6250000","100","5000000000","0.0390625","0.4166666666666667"
"15283","2642","1","1","1","28","18","25","5","4","1","3125000","100","2500000000","0.01953125","0.20833333333333334"
"15284","2642","2","1","2","28","18","25","5","4","1","3125000","100","2500000000","0.01953125","0.20833333333333334"
"15285","2642","1","1","1","28","18","25","5","8","1","1562500","100","1250000000","0.009765625","0.10416666666666667"
"15286","2642","2","1","2","28","18","25","5","8","1","1562500","100","1250000000","0.009765625","0.10416666666666667"
"15287","2642","1","1","1","28","18","25","5","16","1","781250","100","625000000","0.0048828125","0.052083333333333336"
"15288","2642","2","1","2","28","18","25","5","16","1","781250","100","625000000","0.0048828125","0.052083333333333336"
"15289","2642","1","1","1","28","18","25","5","32","1","390625","100","312500000","0.00244140625","0.026041666666666668"
"15290","2642","2","1","2","28","18","25","5","32","1","390625","100","312500000","0.00244140625","0.026041666666666668"
"15291","2642","1","1","1","28","18","25","5","64","1","195312","100","156249600","0.0012207","0.0130208"
"15292","2642","2","1","2","28","18","25","5","64","1","195312","100","156249600","0.0012207","0.0130208"
"15293","2642","1","1","1","28","18","25","5","128","1","97656","100","78124800","0.00061035","0.0065104"
"15294","2642","2","1","2","28","18","25","5","128","1","97656","100","78124800","0.00061035","0.0065104"
"15295","2642","1","1","1","28","18","25","5","256","1","48828","100","39062400","0.000305175","0.0032552"
"15296","2642","2","1","2","28","18","25","5","256","1","48828","100","39062400","0.000305175","0.0032552"
"15297","2643","1","1","1","29","18","25","5","1","1","125000000","100","100000000000","0.78125","8.333333333333334"
"15298","2643","2","1","2","29","18","25","5","1","1","125000000","100","100000000000","0.78125","8.333333333333334"
"15299","2643","1","1","1","29","18","25","5","2","1","62500000","100","50000000000","0.390625","4.166666666666667"
"15300","2643","2","1","2","29","18","25","5","2","1","62500000","100","50000000000","0.390625","4.166666666666667"
"15301","2643","1","1","1","29","18","25","5","4","1","31250000","100","25000000000","0.1953125","2.0833333333333335"
"15302","2643","2","1","2","29","18","25","5","4","1","31250000","100","25000000000","0.1953125","2.0833333333333335"
"15303","2643","1","1","1","29","18","25","5","8","1","15625000","100","12500000000","0.09765625","1.0416666666666667"
"15304","2643","2","1","2","29","18","25","5","8","1","15625000","100","12500000000","0.09765625","1.0416666666666667"
"15305","2643","1","1","1","29","18","25","5","16","1","7812500","100","6250000000","0.048828125","0.5208333333333334"
"15306","2643","2","1","2","29","18","25","5","16","1","7812500","100","6250000000","0.048828125","0.5208333333333334"
"15307","2643","1","1","1","29","18","25","5","32","1","3906250","100","3125000000","0.0244140625","0.2604166666666667"
"15308","2643","2","1","2","29","18","25","5","32","1","3906250","100","3125000000","0.0244140625","0.2604166666666667"
"15309","2643","1","1","1","29","18","25","5","64","1","1953125","100","1562500000","0.01220703125","0.13020833333333334"
"15310","2643","2","1","2","29","18","25","5","64","1","1953125","100","1562500000","0.01220703125","0.13020833333333334"
"15311","2643","1","1","1","29","18","25","5","128","1","976562","100","781249600","0.0061035125","0.06510413333333333"
"15312","2643","2","1","2","29","18","25","5","128","1","976562","100","781249600","0.0061035125","0.06510413333333333"
"15313","2643","1","1","1","29","18","25","5","256","1","488281","100","390624800","0.00305175625","0.032552066666666664"
"15314","2643","2","1","2","29","18","25","5","256","1","488281","100","390624800","0.00305175625","0.032552066666666664"
"15369","2647","1","1","1","27","18","26","5","1","1","1250000","100","1000000000","0.0078125","0.08333333333333333"
"15370","2647","2","1","2","27","18","26","5","1","1","1250000","100","1000000000","0.0078125","0.08333333333333333"
"15371","2647","1","1","1","27","18","26","5","2","1","625000","100","500000000","0.00390625","0.041666666666666664"
"15372","2647","2","1","2","27","18","26","5","2","1","625000","100","500000000","0.00390625","0.041666666666666664"
"15373","2647","1","1","1","27","18","26","5","4","1","312500","100","250000000","0.001953125","0.020833333333333332"
"15374","2647","2","1","2","27","18","26","5","4","1","312500","100","250000000","0.001953125","0.020833333333333332"
"15375","2647","1","1","1","27","18","26","5","8","1","156250","100","125000000","0.0009765625","0.010416666666666666"
"15376","2647","2","1","2","27","18","26","5","8","1","156250","100","125000000","0.0009765625","0.010416666666666666"
"15377","2647","1","1","1","27","18","26","5","16","1","78125","100","62500000","0.00048828125","0.005208333333333333"
"15378","2647","2","1","2","27","18","26","5","16","1","78125","100","62500000","0.00048828125","0.005208333333333333"
"15379","2647","1","1","1","27","18","26","5","32","1","39062","100","31249600","0.0002441375","0.0026041333333333334"
"15380","2647","2","1","2","27","18","26","5","32","1","39062","100","31249600","0.0002441375","0.0026041333333333334"
"15381","2647","1","1","1","27","18","26","5","64","1","19531","100","15624800","0.00012206875","0.0013020666666666667"
"15382","2647","2","1","2","27","18","26","5","64","1","19531","100","15624800","0.00012206875","0.0013020666666666667"
"15383","2647","1","1","1","27","18","26","5","128","1","9765","100","7812000","6.103125e-05","0.000651"
"15384","2647","2","1","2","27","18","26","5","128","1","9765","100","7812000","6.103125e-05","0.000651"
"15385","2647","1","1","1","27","18","26","5","256","1","4882","100","3905600","3.05125e-05","0.00032546666666666665"
"15386","2647","2","1","2","27","18","26","5","256","1","4882","100","3905600","3.05125e-05","0.00032546666666666665"
"15387","2648","1","1","1","28","18","26","5","1","1","12500000","100","10000000000","0.078125","0.8333333333333334"
"15388","2648","2","1","2","28","18","26","5","1","1","12500000","100","10000000000","0.078125","0.8333333333333334"
"15389","2648","1","1","1","28","18","26","5","2","1","6250000","100","5000000000","0.0390625","0.4166666666666667"
"15390","2648","2","1","2","28","18","26","5","2","1","6250000","100","5000000000","0.0390625","0.4166666666666667"
"15391","2648","1","1","1","28","18","26","5","4","1","3125000","100","2500000000","0.01953125","0.20833333333333334"
"15392","2648","2","1","2","28","18","26","5","4","1","3125000","100","2500000000","0.01953125","0.20833333333333334"
"15393","2648","1","1","1","28","18","26","5","8","1","1562500","100","1250000000","0.009765625","0.10416666666666667"
"15394","2648","2","1","2","28","18","26","5","8","1","1562500","100","1250000000","0.009765625","0.10416666666666667"
"15395","2648","1","1","1","28","18","26","5","16","1","781250","100","625000000","0.0048828125","0.052083333333333336"
"15396","2648","2","1","2","28","18","26","5","16","1","781250","100","625000000","0.0048828125","0.052083333333333336"
"15397","2648","1","1","1","28","18","26","5","32","1","390625","100","312500000","0.00244140625","0.026041666666666668"
"15398","2648","2","1","2","28","18","26","5","32","1","390625","100","312500000","0.00244140625","0.026041666666666668"
"15399","2648","1","1","1","28","18","26","5","64","1","195312","100","156249600","0.0012207","0.0130208"
"15400","2648","2","1","2","28","18","26","5","64","1","195312","100","156249600","0.0012207","0.0130208"
"15401","2648","1","1","1","28","18","26","5","128","1","97656","100","78124800","0.00061035","0.0065104"
"15402","2648","2","1","2","28","18","26","5","128","1","97656","100","78124800","0.00061035","0.0065104"
"15403","2648","1","1","1","28","18","26","5","256","1","48828","100","39062400","0.000305175","0.0032552"
"15404","2648","2","1","2","28","18","26","5","256","1","48828","100","39062400","0.000305175","0.0032552"
"15405","2649","1","1","1","29","18","26","5","1","1","125000000","100","100000000000","0.78125","8.333333333333334"
"15406","2649","2","1","2","29","18","26","5","1","1","125000000","100","100000000000","0.78125","8.333333333333334"
"15407","2649","1","1","1","29","18","26","5","2","1","62500000","100","50000000000","0.390625","4.166666666666667"
"15408","2649","2","1","2","29","18","26","5","2","1","62500000","100","50000000000","0.390625","4.166666666666667"
"15409","2649","1","1","1","29","18","26","5","4","1","31250000","100","25000000000","0.1953125","2.0833333333333335"
"15410","2649","2","1","2","29","18","26","5","4","1","31250000","100","25000000000","0.1953125","2.0833333333333335"
"15411","2649","1","1","1","29","18","26","5","8","1","15625000","100","12500000000","0.09765625","1.0416666666666667"
"15412","2649","2","1","2","29","18","26","5","8","1","15625000","100","12500000000","0.09765625","1.0416666666666667"
"15413","2649","1","1","1","29","18","26","5","16","1","7812500","100","6250000000","0.048828125","0.5208333333333334"
"15414","2649","2","1","2","29","18","26","5","16","1","7812500","100","6250000000","0.048828125","0.5208333333333334"
"15415","2649","1","1","1","29","18","26","5","32","1","3906250","100","3125000000","0.0244140625","0.2604166666666667"
"15416","2649","2","1","2","29","18","26","5","32","1","3906250","100","3125000000","0.0244140625","0.2604166666666667"
"15417","2649","1","1","1","29","18","26","5","64","1","1953125","100","1562500000","0.01220703125","0.13020833333333334"
"15418","2649","2","1","2","29","18","26","5","64","1","1953125","100","1562500000","0.01220703125","0.13020833333333334"
"15419","2649","1","1","1","29","18","26","5","128","1","976562","100","781249600","0.0061035125","0.06510413333333333"
"15420","2649","2","1","2","29","18","26","5","128","1","976562","100","781249600","0.0061035125","0.06510413333333333"
"15421","2649","1","1","1","29","18","26","5","256","1","488281","100","390624800","0.00305175625","0.032552066666666664"
"15422","2649","2","1","2","29","18","26","5","256","1","488281","100","390624800","0.00305175625","0.032552066666666664"
"15477","2653","1","1","1","27","18","27","5","1","1","1250000","100","1000000000","0.0078125","0.08333333333333333"
"15478","2653","2","1","2","27","18","27","5","1","1","1250000","100","1000000000","0.0078125","0.08333333333333333"
"15479","2653","1","1","1","27","18","27","5","2","1","625000","100","500000000","0.00390625","0.041666666666666664"
"15480","2653","2","1","2","27","18","27","5","2","1","625000","100","500000000","0.00390625","0.041666666666666664"
"15481","2653","1","1","1","27","18","27","5","4","1","312500","100","250000000","0.001953125","0.020833333333333332"
"15482","2653","2","1","2","27","18","27","5","4","1","312500","100","250000000","0.001953125","0.020833333333333332"
"15483","2653","1","1","1","27","18","27","5","8","1","156250","100","125000000","0.0009765625","0.010416666666666666"
"15484","2653","2","1","2","27","18","27","5","8","1","156250","100","125000000","0.0009765625","0.010416666666666666"
"15485","2653","1","1","1","27","18","27","5","16","1","78125","100","62500000","0.00048828125","0.005208333333333333"
"15486","2653","2","1","2","27","18","27","5","16","1","78125","100","62500000","0.00048828125","0.005208333333333333"
"15487","2653","1","1","1","27","18","27","5","32","1","39062","100","31249600","0.0002441375","0.0026041333333333334"
"15488","2653","2","1","2","27","18","27","5","32","1","39062","100","31249600","0.0002441375","0.0026041333333333334"
"15489","2653","1","1","1","27","18","27","5","64","1","19531","100","15624800","0.00012206875","0.0013020666666666667"
"15490","2653","2","1","2","27","18","27","5","64","1","19531","100","15624800","0.00012206875","0.0013020666666666667"
"15491","2653","1","1","1","27","18","27","5","128","1","9765","100","7812000","6.103125e-05","0.000651"
"15492","2653","2","1","2","27","18","27","5","128","1","9765","100","7812000","6.103125e-05","0.000651"
"15493","2653","1","1","1","27","18","27","5","256","1","4882","100","3905600","3.05125e-05","0.00032546666666666665"
"15494","2653","2","1","2","27","18","27","5","256","1","4882","100","3905600","3.05125e-05","0.00032546666666666665"
"15495","2654","1","1","1","28","18","27","5","1","1","12500000","100","10000000000","0.078125","0.8333333333333334"
"15496","2654","2","1","2","28","18","27","5","1","1","12500000","100","10000000000","0.078125","0.8333333333333334"
"15497","2654","1","1","1","28","18","27","5","2","1","6250000","100","5000000000","0.0390625","0.4166666666666667"
"15498","2654","2","1","2","28","18","27","5","2","1","6250000","100","5000000000","0.0390625","0.4166666666666667"
"15499","2654","1","1","1","28","18","27","5","4","1","3125000","100","2500000000","0.01953125","0.20833333333333334"
"15500","2654","2","1","2","28","18","27","5","4","1","3125000","100","2500000000","0.01953125","0.20833333333333334"
"15501","2654","1","1","1","28","18","27","5","8","1","1562500","100","1250000000","0.009765625","0.10416666666666667"
"15502","2654","2","1","2","28","18","27","5","8","1","1562500","100","1250000000","0.009765625","0.10416666666666667"
"15503","2654","1","1","1","28","18","27","5","16","1","781250","100","625000000","0.0048828125","0.052083333333333336"
"15504","2654","2","1","2","28","18","27","5","16","1","781250","100","625000000","0.0048828125","0.052083333333333336"
"15505","2654","1","1","1","28","18","27","5","32","1","390625","100","312500000","0.00244140625","0.026041666666666668"
"15506","2654","2","1","2","28","18","27","5","32","1","390625","100","312500000","0.00244140625","0.026041666666666668"
"15507","2654","1","1","1","28","18","27","5","64","1","195312","100","156249600","0.0012207","0.0130208"
"15508","2654","2","1","2","28","18","27","5","64","1","195312","100","156249600","0.0012207","0.0130208"
"15509","2654","1","1","1","28","18","27","5","128","1","97656","100","78124800","0.00061035","0.0065104"
"15510","2654","2","1","2","28","18","27","5","128","1","97656","100","78124800","0.00061035","0.0065104"
"15511","2654","1","1","1","28","18","27","5","256","1","48828","100","39062400","0.000305175","0.0032552"
"15512","2654","2","1","2","28","18","27","5","256","1","48828","100","39062400","0.000305175","0.0032552"
"15513","2655","1","1","1","29","18","27","5","1","1","125000000","100","100000000000","0.78125","8.333333333333334"
"15514","2655","2","1","2","29","18","27","5","1","1","125000000","100","100000000000","0.78125","8.333333333333334"
"15515","2655","1","1","1","29","18","27","5","2","1","62500000","100","50000000000","0.390625","4.166666666666667"
"15516","2655","2","1","2","29","18","27","5","2","1","62500000","100","50000000000","0.390625","4.166666666666667"
"15517","2655","1","1","1","29","18","27","5","4","1","31250000","100","25000000000","0.1953125","2.0833333333333335"
"15518","2655","2","1","2","29","18","27","5","4","1","31250000","100","25000000000","0.1953125","2.0833333333333335"
"15519","2655","1","1","1","29","18","27","5","8","1","15625000","100","12500000000","0.09765625","1.0416666666666667"
"15520","2655","2","1","2","29","18","27","5","8","1","15625000","100","12500000000","0.09765625","1.0416666666666667"
"15521","2655","1","1","1","29","18","27","5","16","1","7812500","100","6250000000","0.048828125","0.5208333333333334"
"15522","2655","2","1","2","29","18","27","5","16","1","7812500","100","6250000000","0.048828125","0.5208333333333334"
"15523","2655","1","1","1","29","18","27","5","32","1","3906250","100","3125000000","0.0244140625","0.2604166666666667"
"15524","2655","2","1","2","29","18","27","5","32","1","3906250","100","3125000000","0.0244140625","0.2604166666666667"
"15525","2655","1","1","1","29","18","27","5","64","1","1953125","100","1562500000","0.01220703125","0.13020833333333334"
"15526","2655","2","1","2","29","18","27","5","64","1","1953125","100","1562500000","0.01220703125","0.13020833333333334"
"15527","2655","1","1","1","29","18","27","5","128","1","976562","100","781249600","0.0061035125","0.06510413333333333"
"15528","2655","2","1","2","29","18","27","5","128","1","976562","100","781249600","0.0061035125","0.06510413333333333"
"15529","2655","1","1","1","29","18","27","5","256","1","488281","100","390624800","0.00305175625","0.032552066666666664"
"15530","2655","2","1","2","29","18","27","5","256","1","488281","100","390624800","0.00305175625","0.032552066666666664"
"15585","2659","1","1","1","27","18","28","5","1","1","1250000","100","1000000000","0.0078125","0.08333333333333333"
"15586","2659","2","1","2","27","18","28","5","1","1","1250000","100","1000000000","0.0078125","0.08333333333333333"
"15587","2659","1","1","1","27","18","28","5","2","1","625000","100","500000000","0.00390625","0.041666666666666664"
"15588","2659","2","1","2","27","18","28","5","2","1","625000","100","500000000","0.00390625","0.041666666666666664"
"15589","2659","1","1","1","27","18","28","5","4","1","312500","100","250000000","0.001953125","0.020833333333333332"
"15590","2659","2","1","2","27","18","28","5","4","1","312500","100","250000000","0.001953125","0.020833333333333332"
"15591","2659","1","1","1","27","18","28","5","8","1","156250","100","125000000","0.0009765625","0.010416666666666666"
"15592","2659","2","1","2","27","18","28","5","8","1","156250","100","125000000","0.0009765625","0.010416666666666666"
"15593","2659","1","1","1","27","18","28","5","16","1","78125","100","62500000","0.00048828125","0.005208333333333333"
"15594","2659","2","1","2","27","18","28","5","16","1","78125","100","62500000","0.00048828125","0.005208333333333333"
"15595","2659","1","1","1","27","18","28","5","32","1","39062","100","31249600","0.0002441375","0.0026041333333333334"
"15596","2659","2","1","2","27","18","28","5","32","1","39062","100","31249600","0.0002441375","0.0026041333333333334"
"15597","2659","1","1","1","27","18","28","5","64","1","19531","100","15624800","0.00012206875","0.0013020666666666667"
"15598","2659","2","1","2","27","18","28","5","64","1","19531","100","15624800","0.00012206875","0.0013020666666666667"
"15599","2659","1","1","1","27","18","28","5","128","1","9765","100","7812000","6.103125e-05","0.000651"
"15600","2659","2","1","2","27","18","28","5","128","1","9765","100","7812000","6.103125e-05","0.000651"
"15601","2659","1","1","1","27","18","28","5","256","1","4882","100","3905600","3.05125e-05","0.00032546666666666665"
"15602","2659","2","1","2","27","18","28","5","256","1","4882","100","3905600","3.05125e-05","0.00032546666666666665"
"15603","2660","1","1","1","28","18","28","5","1","1","12500000","100","10000000000","0.078125","0.8333333333333334"
"15604","2660","2","1","2","28","18","28","5","1","1","12500000","100","10000000000","0.078125","0.8333333333333334"
"15605","2660","1","1","1","28","18","28","5","2","1","6250000","100","5000000000","0.0390625","0.4166666666666667"
"15606","2660","2","1","2","28","18","28","5","2","1","6250000","100","5000000000","0.0390625","0.4166666666666667"
"15607","2660","1","1","1","28","18","28","5","4","1","3125000","100","2500000000","0.01953125","0.20833333333333334"
"15608","2660","2","1","2","28","18","28","5","4","1","3125000","100","2500000000","0.01953125","0.20833333333333334"
"15609","2660","1","1","1","28","18","28","5","8","1","1562500","100","1250000000","0.009765625","0.10416666666666667"
"15610","2660","2","1","2","28","18","28","5","8","1","1562500","100","1250000000","0.009765625","0.10416666666666667"
"15611","2660","1","1","1","28","18","28","5","16","1","781250","100","625000000","0.0048828125","0.052083333333333336"
"15612","2660","2","1","2","28","18","28","5","16","1","781250","100","625000000","0.0048828125","0.052083333333333336"
"15613","2660","1","1","1","28","18","28","5","32","1","390625","100","312500000","0.00244140625","0.026041666666666668"
"15614","2660","2","1","2","28","18","28","5","32","1","390625","100","312500000","0.00244140625","0.026041666666666668"
"15615","2660","1","1","1","28","18","28","5","64","1","195312","100","156249600","0.0012207","0.0130208"
"15616","2660","2","1","2","28","18","28","5","64","1","195312","100","156249600","0.0012207","0.0130208"
"15617","2660","1","1","1","28","18","28","5","128","1","97656","100","78124800","0.00061035","0.0065104"
"15618","2660","2","1","2","28","18","28","5","128","1","97656","100","78124800","0.00061035","0.0065104"
"15619","2660","1","1","1","28","18","28","5","256","1","48828","100","39062400","0.000305175","0.0032552"
"15620","2660","2","1","2","28","18","28","5","256","1","48828","100","39062400","0.000305175","0.0032552"
"15621","2661","1","1","1","29","18","28","5","1","1","125000000","100","100000000000","0.78125","8.333333333333334"
"15622","2661","2","1","2","29","18","28","5","1","1","125000000","100","100000000000","0.78125","8.333333333333334"
"15623","2661","1","1","1","29","18","28","5","2","1","62500000","100","50000000000","0.390625","4.166666666666667"
"15624","2661","2","1","2","29","18","28","5","2","1","62500000","100","50000000000","0.390625","4.166666666666667"
"15625","2661","1","1","1","29","18","28","5","4","1","31250000","100","25000000000","0.1953125","2.0833333333333335"
"15626","2661","2","1","2","29","18","28","5","4","1","31250000","100","25000000000","0.1953125","2.0833333333333335"
"15627","2661","1","1","1","29","18","28","5","8","1","15625000","100","12500000000","0.09765625","1.0416666666666667"
"15628","2661","2","1","2","29","18","28","5","8","1","15625000","100","12500000000","0.09765625","1.0416666666666667"
"15629","2661","1","1","1","29","18","28","5","16","1","7812500","100","6250000000","0.048828125","0.5208333333333334"
"15630","2661","2","1","2","29","18","28","5","16","1","7812500","100","6250000000","0.048828125","0.5208333333333334"
"15631","2661","1","1","1","29","18","28","5","32","1","3906250","100","3125000000","0.0244140625","0.2604166666666667"
"15632","2661","2","1","2","29","18","28","5","32","1","3906250","100","3125000000","0.0244140625","0.2604166666666667"
"15633","2661","1","1","1","29","18","28","5","64","1","1953125","100","1562500000","0.01220703125","0.13020833333333334"
"15634","2661","2","1","2","29","18","28","5","64","1","1953125","100","1562500000","0.01220703125","0.13020833333333334"
"15635","2661","1","1","1","29","18","28","5","128","1","976562","100","781249600","0.0061035125","0.06510413333333333"
"15636","2661","2","1","2","29","18","28","5","128","1","976562","100","781249600","0.0061035125","0.06510413333333333"
"15637","2661","1","1","1","29","18","28","5","256","1","488281","100","390624800","0.00305175625","0.032552066666666664"
"15638","2661","2","1","2","29","18","28","5","256","1","488281","100","390624800","0.00305175625","0.032552066666666664"
"16341","2701","1","1","1","39","18","17","5","1","1","1250000","100","1000000000","0.0078125","0.08333333333333333"
"16342","2701","2","1","2","39","18","17","5","1","1","1250000","100","1000000000","0.0078125","0.08333333333333333"
"16343","2701","1","1","1","39","18","17","5","2","1","625000","100","500000000","0.00390625","0.041666666666666664"
"16344","2701","2","1","2","39","18","17","5","2","1","625000","100","500000000","0.00390625","0.041666666666666664"
"16345","2701","1","1","1","39","18","17","5","4","1","312500","100","250000000","0.001953125","0.020833333333333332"
"16346","2701","2","1","2","39","18","17","5","4","1","312500","100","250000000","0.001953125","0.020833333333333332"
"16347","2701","1","1","1","39","18","17","5","8","1","156250","100","125000000","0.0009765625","0.010416666666666666"
"16348","2701","2","1","2","39","18","17","5","8","1","156250","100","125000000","0.0009765625","0.010416666666666666"
"16349","2701","1","1","1","39","18","17","5","16","1","78125","100","62500000","0.00048828125","0.005208333333333333"
"16350","2701","2","1","2","39","18","17","5","16","1","78125","100","62500000","0.00048828125","0.005208333333333333"
"16351","2701","1","1","1","39","18","17","5","32","1","39062","100","31249600","0.0002441375","0.0026041333333333334"
"16352","2701","2","1","2","39","18","17","5","32","1","39062","100","31249600","0.0002441375","0.0026041333333333334"
"16353","2701","1","1","1","39","18","17","5","64","1","19531","100","15624800","0.00012206875","0.0013020666666666667"
"16354","2701","2","1","2","39","18","17","5","64","1","19531","100","15624800","0.00012206875","0.0013020666666666667"
"16355","2701","1","1","1","39","18","17","5","128","1","9765","100","7812000","6.103125e-05","0.000651"
"16356","2701","2","1","2","39","18","17","5","128","1","9765","100","7812000","6.103125e-05","0.000651"
"16357","2701","1","1","1","39","18","17","5","256","1","4882","100","3905600","3.05125e-05","0.00032546666666666665"
"16358","2701","2","1","2","39","18","17","5","256","1","4882","100","3905600","3.05125e-05","0.00032546666666666665"
"16449","2707","1","1","1","39","18","18","5","1","1","1250000","100","1000000000","0.0078125","0.08333333333333333"
"16450","2707","2","1","2","39","18","18","5","1","1","1250000","100","1000000000","0.0078125","0.08333333333333333"
"16451","2707","1","1","1","39","18","18","5","2","1","625000","100","500000000","0.00390625","0.041666666666666664"
"16452","2707","2","1","2","39","18","18","5","2","1","625000","100","500000000","0.00390625","0.041666666666666664"
"16453","2707","1","1","1","39","18","18","5","4","1","312500","100","250000000","0.001953125","0.020833333333333332"
"16454","2707","2","1","2","39","18","18","5","4","1","312500","100","250000000","0.001953125","0.020833333333333332"
"16455","2707","1","1","1","39","18","18","5","8","1","156250","100","125000000","0.0009765625","0.010416666666666666"
"16456","2707","2","1","2","39","18","18","5","8","1","156250","100","125000000","0.0009765625","0.010416666666666666"
"16457","2707","1","1","1","39","18","18","5","16","1","78125","100","62500000","0.00048828125","0.005208333333333333"
"16458","2707","2","1","2","39","18","18","5","16","1","78125","100","62500000","0.00048828125","0.005208333333333333"
"16459","2707","1","1","1","39","18","18","5","32","1","39062","100","31249600","0.0002441375","0.0026041333333333334"
"16460","2707","2","1","2","39","18","18","5","32","1","39062","100","31249600","0.0002441375","0.0026041333333333334"
"16461","2707","1","1","1","39","18","18","5","64","1","19531","100","15624800","0.00012206875","0.0013020666666666667"
"16462","2707","2","1","2","39","18","18","5","64","1","19531","100","15624800","0.00012206875","0.0013020666666666667"
"16463","2707","1","1","1","39","18","18","5","128","1","9765","100","7812000","6.103125e-05","0.000651"
"16464","2707","2","1","2","39","18","18","5","128","1","9765","100","7812000","6.103125e-05","0.000651"
"16465","2707","1","1","1","39","18","18","5","256","1","4882","100","3905600","3.05125e-05","0.00032546666666666665"
"16466","2707","2","1","2","39","18","18","5","256","1","4882","100","3905600","3.05125e-05","0.00032546666666666665"
"16557","2713","1","1","1","39","18","19","5","1","1","1250000","100","1000000000","0.0078125","0.08333333333333333"
"16558","2713","2","1","2","39","18","19","5","1","1","1250000","100","1000000000","0.0078125","0.08333333333333333"
"16559","2713","1","1","1","39","18","19","5","2","1","625000","100","500000000","0.00390625","0.041666666666666664"
"16560","2713","2","1","2","39","18","19","5","2","1","625000","100","500000000","0.00390625","0.041666666666666664"
"16561","2713","1","1","1","39","18","19","5","4","1","312500","100","250000000","0.001953125","0.020833333333333332"
"16562","2713","2","1","2","39","18","19","5","4","1","312500","100","250000000","0.001953125","0.020833333333333332"
"16563","2713","1","1","1","39","18","19","5","8","1","156250","100","125000000","0.0009765625","0.010416666666666666"
"16564","2713","2","1","2","39","18","19","5","8","1","156250","100","125000000","0.0009765625","0.010416666666666666"
"16565","2713","1","1","1","39","18","19","5","16","1","78125","100","62500000","0.00048828125","0.005208333333333333"
"16566","2713","2","1","2","39","18","19","5","16","1","78125","100","62500000","0.00048828125","0.005208333333333333"
"16567","2713","1","1","1","39","18","19","5","32","1","39062","100","31249600","0.0002441375","0.0026041333333333334"
"16568","2713","2","1","2","39","18","19","5","32","1","39062","100","31249600","0.0002441375","0.0026041333333333334"
"16569","2713","1","1","1","39","18","19","5","64","1","19531","100","15624800","0.00012206875","0.0013020666666666667"
"16570","2713","2","1","2","39","18","19","5","64","1","19531","100","15624800","0.00012206875","0.0013020666666666667"
"16571","2713","1","1","1","39","18","19","5","128","1","9765","100","7812000","6.103125e-05","0.000651"
"16572","2713","2","1","2","39","18","19","5","128","1","9765","100","7812000","6.103125e-05","0.000651"
"16573","2713","1","1","1","39","18","19","5","256","1","4882","100","3905600","3.05125e-05","0.00032546666666666665"
"16574","2713","2","1","2","39","18","19","5","256","1","4882","100","3905600","3.05125e-05","0.00032546666666666665"
"16665","2719","1","1","1","39","18","20","5","1","1","1250000","100","1000000000","0.0078125","0.08333333333333333"
"16666","2719","2","1","2","39","18","20","5","1","1","1250000","100","1000000000","0.0078125","0.08333333333333333"
"16667","2719","1","1","1","39","18","20","5","2","1","625000","100","500000000","0.00390625","0.041666666666666664"
"16668","2719","2","1","2","39","18","20","5","2","1","625000","100","500000000","0.00390625","0.041666666666666664"
"16669","2719","1","1","1","39","18","20","5","4","1","312500","100","250000000","0.001953125","0.020833333333333332"
"16670","2719","2","1","2","39","18","20","5","4","1","312500","100","250000000","0.001953125","0.020833333333333332"
"16671","2719","1","1","1","39","18","20","5","8","1","156250","100","125000000","0.0009765625","0.010416666666666666"
"16672","2719","2","1","2","39","18","20","5","8","1","156250","100","125000000","0.0009765625","0.010416666666666666"
"16673","2719","1","1","1","39","18","20","5","16","1","78125","100","62500000","0.00048828125","0.005208333333333333"
"16674","2719","2","1","2","39","18","20","5","16","1","78125","100","62500000","0.00048828125","0.005208333333333333"
"16675","2719","1","1","1","39","18","20","5","32","1","39062","100","31249600","0.0002441375","0.0026041333333333334"
"16676","2719","2","1","2","39","18","20","5","32","1","39062","100","31249600","0.0002441375","0.0026041333333333334"
"16677","2719","1","1","1","39","18","20","5","64","1","19531","100","15624800","0.00012206875","0.0013020666666666667"
"16678","2719","2","1","2","39","18","20","5","64","1","19531","100","15624800","0.00012206875","0.0013020666666666667"
"16679","2719","1","1","1","39","18","20","5","128","1","9765","100","7812000","6.103125e-05","0.000651"
"16680","2719","2","1","2","39","18","20","5","128","1","9765","100","7812000","6.103125e-05","0.000651"
"16681","2719","1","1","1","39","18","20","5","256","1","4882","100","3905600","3.05125e-05","0.00032546666666666665"
"16682","2719","2","1","2","39","18","20","5","256","1","4882","100","3905600","3.05125e-05","0.00032546666666666665"
"16773","2725","1","1","1","39","18","21","5","1","1","1250000","100","1000000000","0.0078125","0.08333333333333333"
"16774","2725","2","1","2","39","18","21","5","1","1","1250000","100","1000000000","0.0078125","0.08333333333333333"
"16775","2725","1","1","1","39","18","21","5","2","1","625000","100","500000000","0.00390625","0.041666666666666664"
"16776","2725","2","1","2","39","18","21","5","2","1","625000","100","500000000","0.00390625","0.041666666666666664"
"16777","2725","1","1","1","39","18","21","5","4","1","312500","100","250000000","0.001953125","0.020833333333333332"
"16778","2725","2","1","2","39","18","21","5","4","1","312500","100","250000000","0.001953125","0.020833333333333332"
"16779","2725","1","1","1","39","18","21","5","8","1","156250","100","125000000","0.0009765625","0.010416666666666666"
"16780","2725","2","1","2","39","18","21","5","8","1","156250","100","125000000","0.0009765625","0.010416666666666666"
"16781","2725","1","1","1","39","18","21","5","16","1","78125","100","62500000","0.00048828125","0.005208333333333333"
"16782","2725","2","1","2","39","18","21","5","16","1","78125","100","62500000","0.00048828125","0.005208333333333333"
"16783","2725","1","1","1","39","18","21","5","32","1","39062","100","31249600","0.0002441375","0.0026041333333333334"
"16784","2725","2","1","2","39","18","21","5","32","1","39062","100","31249600","0.0002441375","0.0026041333333333334"
"16785","2725","1","1","1","39","18","21","5","64","1","19531","100","15624800","0.00012206875","0.0013020666666666667"
"16786","2725","2","1","2","39","18","21","5","64","1","19531","100","15624800","0.00012206875","0.0013020666666666667"
"16787","2725","1","1","1","39","18","21","5","128","1","9765","100","7812000","6.103125e-05","0.000651"
"16788","2725","2","1","2","39","18","21","5","128","1","9765","100","7812000","6.103125e-05","0.000651"
"16789","2725","1","1","1","39","18","21","5","256","1","4882","100","3905600","3.05125e-05","0.00032546666666666665"
"16790","2725","2","1","2","39","18","21","5","256","1","4882","100","3905600","3.05125e-05","0.00032546666666666665"
"16881","2731","1","1","1","39","18","22","5","1","1","1250000","100","1000000000","0.0078125","0.08333333333333333"
"16882","2731","2","1","2","39","18","22","5","1","1","1250000","100","1000000000","0.0078125","0.08333333333333333"
"16883","2731","1","1","1","39","18","22","5","2","1","625000","100","500000000","0.00390625","0.041666666666666664"
"16884","2731","2","1","2","39","18","22","5","2","1","625000","100","500000000","0.00390625","0.041666666666666664"
"16885","2731","1","1","1","39","18","22","5","4","1","312500","100","250000000","0.001953125","0.020833333333333332"
"16886","2731","2","1","2","39","18","22","5","4","1","312500","100","250000000","0.001953125","0.020833333333333332"
"16887","2731","1","1","1","39","18","22","5","8","1","156250","100","125000000","0.0009765625","0.010416666666666666"
"16888","2731","2","1","2","39","18","22","5","8","1","156250","100","125000000","0.0009765625","0.010416666666666666"
"16889","2731","1","1","1","39","18","22","5","16","1","78125","100","62500000","0.00048828125","0.005208333333333333"
"16890","2731","2","1","2","39","18","22","5","16","1","78125","100","62500000","0.00048828125","0.005208333333333333"
"16891","2731","1","1","1","39","18","22","5","32","1","39062","100","31249600","0.0002441375","0.0026041333333333334"
"16892","2731","2","1","2","39","18","22","5","32","1","39062","100","31249600","0.0002441375","0.0026041333333333334"
"16893","2731","1","1","1","39","18","22","5","64","1","19531","100","15624800","0.00012206875","0.0013020666666666667"
"16894","2731","2","1","2","39","18","22","5","64","1","19531","100","15624800","0.00012206875","0.0013020666666666667"
"16895","2731","1","1","1","39","18","22","5","128","1","9765","100","7812000","6.103125e-05","0.000651"
"16896","2731","2","1","2","39","18","22","5","128","1","9765","100","7812000","6.103125e-05","0.000651"
"16897","2731","1","1","1","39","18","22","5","256","1","4882","100","3905600","3.05125e-05","0.00032546666666666665"
"16898","2731","2","1","2","39","18","22","5","256","1","4882","100","3905600","3.05125e-05","0.00032546666666666665"
